vertical,city_slug,state_code,provider_dataset_path,listing_json_path,runtime_ready,notes
uscis-medical,anchorage-ak,AK,data/example_providers/uscis_medical/anchorage-ak.json,data/listings/anchorage-ak.json,true,Wave 3 state-complete shared matrix (metro approved)
uscis-medical,birmingham-al,AL,data/example_providers/uscis_medical/birmingham-al.json,data/listings/birmingham-al.json,true,Wave 3 state-complete shared matrix (metro approved)
uscis-medical,little-rock-ar,AR,data/example_providers/uscis_medical/little-rock-ar.json,data/listings/little-rock-ar.json,true,Wave 3 state-complete shared matrix (metro approved)
uscis-medical,phoenix-az,AZ,data/example_providers/uscis_medical/phoenix-az.json,data/listings/phoenix-az.json,true,Metro-area provider matching approved
uscis-medical,los-angeles-ca,CA,data/example_providers/uscis_medical/los-angeles-ca.json,data/listings/los-angeles-ca.json,true,Metro-area provider matching approved
uscis-medical,sacramento-ca,CA,data/example_providers/uscis_medical/sacramento-ca.json,data/listings/sacramento-ca.json,true,Metro-area provider matching approved
uscis-medical,san-diego-ca,CA,data/example_providers/uscis_medical/san-diego-ca.json,data/listings/san-diego-ca.json,true,Metro-area provider matching approved
uscis-medical,san-francisco-ca,CA,data/example_providers/uscis_medical/san-francisco-ca.json,data/listings/san-francisco-ca.json,true,Metro-area provider matching approved
uscis-medical,denver-co,CO,data/example_providers/uscis_medical/denver-co.json,data/listings/denver-co.json,true,Metro-area provider matching approved
uscis-medical,hartford-ct,CT,data/example_providers/uscis_medical/hartford-ct.json,data/listings/hartford-ct.json,true,Wave 3 state-complete shared matrix (metro approved)
uscis-medical,wilmington-de,DE,data/example_providers/uscis_medical/wilmington-de.json,data/listings/wilmington-de.json,true,Wave 3 state-complete shared matrix (metro approved)
uscis-medical,miami-fl,FL,data/example_providers/uscis_medical/miami-fl.json,data/listings/miami-fl.json,true,Metro-area provider matching approved
uscis-medical,orlando-fl,FL,data/example_providers/uscis_medical/orlando-fl.json,data/listings/orlando-fl.json,true,Metro-area provider matching approved
uscis-medical,tampa-fl,FL,data/example_providers/uscis_medical/tampa-fl.json,data/listings/tampa-fl.json,true,Metro-area provider matching approved
uscis-medical,atlanta-ga,GA,data/example_providers/uscis_medical/atlanta-ga.json,data/listings/atlanta-ga.json,true,Metro-area provider matching approved
uscis-medical,honolulu-hi,HI,data/example_providers/uscis_medical/honolulu-hi.json,data/listings/honolulu-hi.json,true,Wave 3 state-complete shared matrix (metro approved)
uscis-medical,des-moines-ia,IA,data/example_providers/uscis_medical/des-moines-ia.json,data/listings/des-moines-ia.json,true,Wave 3 state-complete shared matrix (metro approved)
uscis-medical,boise-id,ID,data/example_providers/uscis_medical/boise-id.json,data/listings/boise-id.json,true,Wave 3 state-complete shared matrix (metro approved)
uscis-medical,chicago-il,IL,data/example_providers/uscis_medical/chicago-il.json,data/listings/chicago-il.json,true,Metro-area provider matching approved
uscis-medical,indianapolis-in,IN,data/example_providers/uscis_medical/indianapolis-in.json,data/listings/indianapolis-in.json,true,Wave 3 state-complete shared matrix (metro approved)
uscis-medical,kansas-city-ks,KS,data/example_providers/uscis_medical/kansas-city-ks.json,data/listings/kansas-city-ks.json,true,Wave 3 state-complete shared matrix (metro approved)
uscis-medical,louisville-ky,KY,data/example_providers/uscis_medical/louisville-ky.json,data/listings/louisville-ky.json,true,Wave 3 state-complete shared matrix (metro approved)
uscis-medical,new-orleans-la,LA,data/example_providers/uscis_medical/new-orleans-la.json,data/listings/new-orleans-la.json,true,Wave 3 state-complete shared matrix (metro approved)
uscis-medical,boston-ma,MA,data/example_providers/uscis_medical/boston-ma.json,data/listings/boston-ma.json,true,Metro-area provider matching approved
uscis-medical,baltimore-md,MD,data/example_providers/uscis_medical/baltimore-md.json,data/listings/baltimore-md.json,true,Wave 3 state-complete shared matrix (metro approved)
uscis-medical,portland-me,ME,data/example_providers/uscis_medical/portland-me.json,data/listings/portland-me.json,true,Wave 3 state-complete shared matrix (metro approved)
uscis-medical,detroit-mi,MI,data/example_providers/uscis_medical/detroit-mi.json,data/listings/detroit-mi.json,true,Wave 3 state-complete shared matrix (metro approved)
uscis-medical,minneapolis-mn,MN,data/example_providers/uscis_medical/minneapolis-mn.json,data/listings/minneapolis-mn.json,true,Metro-area provider matching approved
uscis-medical,st-louis-mo,MO,data/example_providers/uscis_medical/st-louis-mo.json,data/listings/st-louis-mo.json,true,Wave 3 state-complete shared matrix (metro approved)
uscis-medical,jackson-ms,MS,data/example_providers/uscis_medical/jackson-ms.json,data/listings/jackson-ms.json,true,Wave 3 state-complete shared matrix (metro approved)
uscis-medical,billings-mt,MT,data/example_providers/uscis_medical/billings-mt.json,data/listings/billings-mt.json,true,Wave 3 state-complete shared matrix (metro approved)
uscis-medical,charlotte-nc,NC,data/example_providers/uscis_medical/charlotte-nc.json,data/listings/charlotte-nc.json,true,Metro-area provider matching approved
uscis-medical,fargo-nd,ND,data/example_providers/uscis_medical/fargo-nd.json,data/listings/fargo-nd.json,true,Wave 3 state-complete shared matrix (metro approved)
uscis-medical,omaha-ne,NE,data/example_providers/uscis_medical/omaha-ne.json,data/listings/omaha-ne.json,true,Wave 3 state-complete shared matrix (metro approved)
uscis-medical,manchester-nh,NH,data/example_providers/uscis_medical/manchester-nh.json,data/listings/manchester-nh.json,true,Wave 3 state-complete shared matrix (metro approved)
uscis-medical,newark-nj,NJ,data/example_providers/uscis_medical/newark-nj.json,data/listings/newark-nj.json,true,Wave 3 state-complete shared matrix (metro approved)
uscis-medical,albuquerque-nm,NM,data/example_providers/uscis_medical/albuquerque-nm.json,data/listings/albuquerque-nm.json,true,Wave 3 state-complete shared matrix (metro approved)
uscis-medical,las-vegas-nv,NV,data/example_providers/uscis_medical/las-vegas-nv.json,data/listings/las-vegas-nv.json,true,Metro-area provider matching approved
uscis-medical,new-york-city-ny,NY,data/example_providers/uscis_medical/new-york-city-ny.json,data/listings/new-york-city-ny.json,true,Metro-area provider matching approved
uscis-medical,columbus-oh,OH,data/example_providers/uscis_medical/columbus-oh.json,data/listings/columbus-oh.json,true,Wave 3 state-complete shared matrix (metro approved)
uscis-medical,oklahoma-city-ok,OK,data/example_providers/uscis_medical/oklahoma-city-ok.json,data/listings/oklahoma-city-ok.json,true,Wave 3 state-complete shared matrix (metro approved)
uscis-medical,portland-or,OR,data/example_providers/uscis_medical/portland-or.json,data/listings/portland-or.json,true,Wave 3 state-complete shared matrix (metro approved)
uscis-medical,philadelphia-pa,PA,data/example_providers/uscis_medical/philadelphia-pa.json,data/listings/philadelphia-pa.json,true,Metro-area provider matching approved
uscis-medical,providence-ri,RI,data/example_providers/uscis_medical/providence-ri.json,data/listings/providence-ri.json,true,Wave 3 state-complete shared matrix (metro approved)
uscis-medical,columbia-sc,SC,data/example_providers/uscis_medical/columbia-sc.json,data/listings/columbia-sc.json,true,Wave 3 state-complete shared matrix (metro approved)
uscis-medical,sioux-falls-sd,SD,data/example_providers/uscis_medical/sioux-falls-sd.json,data/listings/sioux-falls-sd.json,true,Wave 3 state-complete shared matrix (metro approved)
uscis-medical,memphis-tn,TN,data/example_providers/uscis_medical/memphis-tn.json,data/listings/memphis-tn.json,true,Wave 3 state-complete shared matrix (metro approved)
uscis-medical,dallas-tx,TX,data/example_providers/uscis_medical/dallas-tx.json,data/listings/dallas-tx.json,true,Metro-area provider matching approved
uscis-medical,houston-tx,TX,data/example_providers/uscis_medical/houston-tx.json,data/listings/houston-tx.json,true,Metro-area provider matching approved
uscis-medical,salt-lake-city-ut,UT,data/example_providers/uscis_medical/salt-lake-city-ut.json,data/listings/salt-lake-city-ut.json,true,Wave 3 state-complete shared matrix (metro approved)
uscis-medical,richmond-va,VA,data/example_providers/uscis_medical/richmond-va.json,data/listings/richmond-va.json,true,Wave 3 state-complete shared matrix (metro approved)
uscis-medical,burlington-vt,VT,data/example_providers/uscis_medical/burlington-vt.json,data/listings/burlington-vt.json,true,Wave 3 state-complete shared matrix (metro approved)
uscis-medical,seattle-wa,WA,data/example_providers/uscis_medical/seattle-wa.json,data/listings/seattle-wa.json,true,Metro-area provider matching approved
uscis-medical,milwaukee-wi,WI,data/example_providers/uscis_medical/milwaukee-wi.json,data/listings/milwaukee-wi.json,true,Wave 3 state-complete shared matrix (metro approved)
uscis-medical,charleston-wv,WV,data/example_providers/uscis_medical/charleston-wv.json,data/listings/charleston-wv.json,true,Wave 3 state-complete shared matrix (metro approved)
uscis-medical,cheyenne-wy,WY,data/example_providers/uscis_medical/cheyenne-wy.json,data/listings/cheyenne-wy.json,true,Wave 3 state-complete shared matrix (metro approved)
trt,anchorage-ak,AK,data/example_providers/trt/anchorage-ak__trt.json,data/listings/anchorage-ak.json,true,Wave 3 state-complete grouped TRT provider sets
trt,birmingham-al,AL,data/example_providers/trt/birmingham-al__trt.json,data/listings/birmingham-al.json,true,Wave 3 state-complete grouped TRT provider sets
trt,little-rock-ar,AR,data/example_providers/trt/little-rock-ar__trt.json,data/listings/little-rock-ar.json,true,Wave 3 state-complete grouped TRT provider sets
trt,phoenix-az,AZ,data/example_providers/trt/phoenix-az__trt.json,data/listings/phoenix-az.json,true,Wave 2 grouped TRT provider sets (metro/state verified standard 1)
trt,los-angeles-ca,CA,data/example_providers/trt/los-angeles-ca__trt.json,data/listings/los-angeles-ca.json,true,Wave 2 grouped TRT provider sets (metro/state verified standard 1)
trt,sacramento-ca,CA,data/example_providers/trt/sacramento-ca__trt.json,data/listings/sacramento-ca.json,true,Wave 2 grouped TRT provider sets (metro/state verified standard 1)
trt,san-diego-ca,CA,data/example_providers/trt/san-diego-ca__trt.json,data/listings/san-diego-ca.json,true,Wave 2 grouped TRT provider sets (metro/state verified standard 1)
trt,san-francisco-ca,CA,data/example_providers/trt/san-francisco-ca__trt.json,data/listings/san-francisco-ca.json,true,Wave 2 grouped TRT provider sets (metro/state verified standard 1)
trt,denver-co,CO,data/example_providers/trt/denver-co__trt.json,data/listings/denver-co.json,true,Wave 2 grouped TRT provider sets (metro/state verified standard 1)
trt,hartford-ct,CT,data/example_providers/trt/hartford-ct__trt.json,data/listings/hartford-ct.json,true,Wave 3 state-complete grouped TRT provider sets
trt,wilmington-de,DE,data/example_providers/trt/wilmington-de__trt.json,data/listings/wilmington-de.json,true,Wave 3 state-complete grouped TRT provider sets
trt,miami-fl,FL,data/example_providers/trt/miami-fl__trt.json,data/listings/miami-fl.json,true,Wave 2 grouped TRT provider sets (metro/state verified standard 1)
trt,orlando-fl,FL,data/example_providers/trt/orlando-fl__trt.json,data/listings/orlando-fl.json,true,Wave 2 grouped TRT provider sets (metro/state verified standard 1)
trt,tampa-fl,FL,data/example_providers/trt/tampa-fl__trt.json,data/listings/tampa-fl.json,true,Wave 2 grouped TRT provider sets (metro/state verified standard 1)
trt,atlanta-ga,GA,data/example_providers/trt/atlanta-ga__trt.json,data/listings/atlanta-ga.json,true,Wave 2 grouped TRT provider sets (metro/state verified standard 1)
trt,honolulu-hi,HI,data/example_providers/trt/honolulu-hi__trt.json,data/listings/honolulu-hi.json,true,Wave 3 state-complete grouped TRT provider sets
trt,des-moines-ia,IA,data/example_providers/trt/des-moines-ia__trt.json,data/listings/des-moines-ia.json,true,Wave 3 state-complete grouped TRT provider sets
trt,boise-id,ID,data/example_providers/trt/boise-id__trt.json,data/listings/boise-id.json,true,Wave 3 state-complete grouped TRT provider sets
trt,chicago-il,IL,data/example_providers/trt/chicago-il__trt.json,data/listings/chicago-il.json,true,Wave 2 grouped TRT provider sets (metro/state verified standard 1)
trt,indianapolis-in,IN,data/example_providers/trt/indianapolis-in__trt.json,data/listings/indianapolis-in.json,true,Wave 3 state-complete grouped TRT provider sets
trt,kansas-city-ks,KS,data/example_providers/trt/kansas-city-ks__trt.json,data/listings/kansas-city-ks.json,true,Wave 3 state-complete grouped TRT provider sets
trt,louisville-ky,KY,data/example_providers/trt/louisville-ky__trt.json,data/listings/louisville-ky.json,true,Wave 3 state-complete grouped TRT provider sets
trt,new-orleans-la,LA,data/example_providers/trt/new-orleans-la__trt.json,data/listings/new-orleans-la.json,true,Wave 3 state-complete grouped TRT provider sets
trt,boston-ma,MA,data/example_providers/trt/boston-ma__trt.json,data/listings/boston-ma.json,true,Wave 2 grouped TRT provider sets (metro/state verified standard 1)
trt,baltimore-md,MD,data/example_providers/trt/baltimore-md__trt.json,data/listings/baltimore-md.json,true,Wave 3 state-complete grouped TRT provider sets
trt,portland-me,ME,data/example_providers/trt/portland-me__trt.json,data/listings/portland-me.json,true,Wave 3 state-complete grouped TRT provider sets
trt,detroit-mi,MI,data/example_providers/trt/detroit-mi__trt.json,data/listings/detroit-mi.json,true,Wave 3 state-complete grouped TRT provider sets
trt,minneapolis-mn,MN,data/example_providers/trt/minneapolis-mn__trt.json,data/listings/minneapolis-mn.json,true,Wave 2 grouped TRT provider sets (metro/state verified standard 1)
trt,st-louis-mo,MO,data/example_providers/trt/st-louis-mo__trt.json,data/listings/st-louis-mo.json,true,Wave 3 state-complete grouped TRT provider sets
trt,jackson-ms,MS,data/example_providers/trt/jackson-ms__trt.json,data/listings/jackson-ms.json,true,Wave 3 state-complete grouped TRT provider sets
trt,billings-mt,MT,data/example_providers/trt/billings-mt__trt.json,data/listings/billings-mt.json,true,Wave 3 state-complete grouped TRT provider sets
trt,charlotte-nc,NC,data/example_providers/trt/charlotte-nc__trt.json,data/listings/charlotte-nc.json,true,Wave 2 grouped TRT provider sets (metro/state verified standard 1)
trt,fargo-nd,ND,data/example_providers/trt/fargo-nd__trt.json,data/listings/fargo-nd.json,true,Wave 3 state-complete grouped TRT provider sets
trt,omaha-ne,NE,data/example_providers/trt/omaha-ne__trt.json,data/listings/omaha-ne.json,true,Wave 3 state-complete grouped TRT provider sets
trt,manchester-nh,NH,data/example_providers/trt/manchester-nh__trt.json,data/listings/manchester-nh.json,true,Wave 3 state-complete grouped TRT provider sets
trt,newark-nj,NJ,data/example_providers/trt/newark-nj__trt.json,data/listings/newark-nj.json,true,Wave 3 state-complete grouped TRT provider sets
trt,albuquerque-nm,NM,data/example_providers/trt/albuquerque-nm__trt.json,data/listings/albuquerque-nm.json,true,Wave 3 state-complete grouped TRT provider sets
trt,las-vegas-nv,NV,data/example_providers/trt/las-vegas-nv__trt.json,data/listings/las-vegas-nv.json,true,Wave 2 grouped TRT provider sets (metro/state verified standard 1)
trt,new-york-city-ny,NY,data/example_providers/trt/new-york-city-ny__trt.json,data/listings/new-york-city-ny.json,true,Wave 2 grouped TRT provider sets (metro/state verified standard 1)
trt,columbus-oh,OH,data/example_providers/trt/columbus-oh__trt.json,data/listings/columbus-oh.json,true,Wave 3 state-complete grouped TRT provider sets
trt,oklahoma-city-ok,OK,data/example_providers/trt/oklahoma-city-ok__trt.json,data/listings/oklahoma-city-ok.json,true,Wave 3 state-complete grouped TRT provider sets
trt,portland-or,OR,data/example_providers/trt/portland-or__trt.json,data/listings/portland-or.json,true,Wave 3 state-complete grouped TRT provider sets
trt,philadelphia-pa,PA,data/example_providers/trt/philadelphia-pa__trt.json,data/listings/philadelphia-pa.json,true,Wave 2 grouped TRT provider sets (metro/state verified standard 1)
trt,providence-ri,RI,data/example_providers/trt/providence-ri__trt.json,data/listings/providence-ri.json,true,Wave 3 state-complete grouped TRT provider sets
trt,columbia-sc,SC,data/example_providers/trt/columbia-sc__trt.json,data/listings/columbia-sc.json,true,Wave 3 state-complete grouped TRT provider sets
trt,sioux-falls-sd,SD,data/example_providers/trt/sioux-falls-sd__trt.json,data/listings/sioux-falls-sd.json,true,Wave 3 state-complete grouped TRT provider sets
trt,memphis-tn,TN,data/example_providers/trt/memphis-tn__trt.json,data/listings/memphis-tn.json,true,Wave 3 state-complete grouped TRT provider sets
trt,dallas-tx,TX,data/example_providers/trt/dallas-tx__trt.json,data/listings/dallas-tx.json,true,Wave 2 grouped TRT provider sets (metro/state verified standard 1)
trt,houston-tx,TX,data/example_providers/trt/houston-tx__trt.json,data/listings/houston-tx.json,true,Wave 2 grouped TRT provider sets (metro/state verified standard 1)
trt,salt-lake-city-ut,UT,data/example_providers/trt/salt-lake-city-ut__trt.json,data/listings/salt-lake-city-ut.json,true,Wave 3 state-complete grouped TRT provider sets
trt,richmond-va,VA,data/example_providers/trt/richmond-va__trt.json,data/listings/richmond-va.json,true,Wave 3 state-complete grouped TRT provider sets
trt,burlington-vt,VT,data/example_providers/trt/burlington-vt__trt.json,data/listings/burlington-vt.json,true,Wave 3 state-complete grouped TRT provider sets
trt,seattle-wa,WA,data/example_providers/trt/seattle-wa__trt.json,data/listings/seattle-wa.json,true,Wave 2 grouped TRT provider sets (metro/state verified standard 1)
trt,milwaukee-wi,WI,data/example_providers/trt/milwaukee-wi__trt.json,data/listings/milwaukee-wi.json,true,Wave 3 state-complete grouped TRT provider sets
trt,charleston-wv,WV,data/example_providers/trt/charleston-wv__trt.json,data/listings/charleston-wv.json,true,Wave 3 state-complete grouped TRT provider sets
trt,cheyenne-wy,WY,data/example_providers/trt/cheyenne-wy__trt.json,data/listings/cheyenne-wy.json,true,Wave 3 state-complete grouped TRT provider sets
neuro,anchorage-ak,AK,data/example_providers/neuro/anchorage-ak__adhd_eval.json,data/listings/anchorage-ak.json,true,Wave 3 state-complete grouped Neuro provider sets
neuro,birmingham-al,AL,data/example_providers/neuro/birmingham-al__adhd_eval.json,data/listings/birmingham-al.json,true,Wave 3 state-complete grouped Neuro provider sets
neuro,little-rock-ar,AR,data/example_providers/neuro/little-rock-ar__adhd_eval.json,data/listings/little-rock-ar.json,true,Wave 3 state-complete grouped Neuro provider sets
neuro,phoenix-az,AZ,data/example_providers/neuro/phoenix-az__adhd_eval.json,data/listings/phoenix-az.json,true,Wave 2 grouped Neuro provider sets (metro/state verified standard 1)
neuro,los-angeles-ca,CA,data/example_providers/neuro/los-angeles-ca__adhd_eval.json,data/listings/los-angeles-ca.json,true,Wave 2 grouped Neuro provider sets (metro/state verified standard 1)
neuro,sacramento-ca,CA,data/example_providers/neuro/sacramento-ca__adhd_eval.json,data/listings/sacramento-ca.json,true,Wave 2 grouped Neuro provider sets (metro/state verified standard 1)
neuro,san-diego-ca,CA,data/example_providers/neuro/san-diego-ca__adhd_eval.json,data/listings/san-diego-ca.json,true,Wave 2 grouped Neuro provider sets (metro/state verified standard 1)
neuro,san-francisco-ca,CA,data/example_providers/neuro/san-francisco-ca__adhd_eval.json,data/listings/san-francisco-ca.json,true,Wave 2 grouped Neuro provider sets (metro/state verified standard 1)
neuro,denver-co,CO,data/example_providers/neuro/denver-co__adhd_eval.json,data/listings/denver-co.json,true,Wave 2 grouped Neuro provider sets (metro/state verified standard 1)
neuro,hartford-ct,CT,data/example_providers/neuro/hartford-ct__adhd_eval.json,data/listings/hartford-ct.json,true,Wave 3 state-complete grouped Neuro provider sets
neuro,wilmington-de,DE,data/example_providers/neuro/wilmington-de__adhd_eval.json,data/listings/wilmington-de.json,true,Wave 3 state-complete grouped Neuro provider sets
neuro,miami-fl,FL,data/example_providers/neuro/miami-fl__adhd_eval.json,data/listings/miami-fl.json,true,Wave 2 grouped Neuro provider sets (metro/state verified standard 1)
neuro,orlando-fl,FL,data/example_providers/neuro/orlando-fl__adhd_eval.json,data/listings/orlando-fl.json,true,Wave 2 grouped Neuro provider sets (metro/state verified standard 1)
neuro,tampa-fl,FL,data/example_providers/neuro/tampa-fl__adhd_eval.json,data/listings/tampa-fl.json,true,Wave 2 grouped Neuro provider sets (metro/state verified standard 1)
neuro,atlanta-ga,GA,data/example_providers/neuro/atlanta-ga__adhd_eval.json,data/listings/atlanta-ga.json,true,Wave 2 grouped Neuro provider sets (metro/state verified standard 1)
neuro,honolulu-hi,HI,data/example_providers/neuro/honolulu-hi__adhd_eval.json,data/listings/honolulu-hi.json,true,Wave 3 state-complete grouped Neuro provider sets
neuro,des-moines-ia,IA,data/example_providers/neuro/des-moines-ia__adhd_eval.json,data/listings/des-moines-ia.json,true,Wave 3 state-complete grouped Neuro provider sets
neuro,boise-id,ID,data/example_providers/neuro/boise-id__adhd_eval.json,data/listings/boise-id.json,true,Wave 3 state-complete grouped Neuro provider sets
neuro,chicago-il,IL,data/example_providers/neuro/chicago-il__adhd_eval.json,data/listings/chicago-il.json,true,Wave 2 grouped Neuro provider sets (metro/state verified standard 1)
neuro,indianapolis-in,IN,data/example_providers/neuro/indianapolis-in__adhd_eval.json,data/listings/indianapolis-in.json,true,Wave 3 state-complete grouped Neuro provider sets
neuro,kansas-city-ks,KS,data/example_providers/neuro/kansas-city-ks__adhd_eval.json,data/listings/kansas-city-ks.json,true,Wave 3 state-complete grouped Neuro provider sets
neuro,louisville-ky,KY,data/example_providers/neuro/louisville-ky__adhd_eval.json,data/listings/louisville-ky.json,true,Wave 3 state-complete grouped Neuro provider sets
neuro,new-orleans-la,LA,data/example_providers/neuro/new-orleans-la__adhd_eval.json,data/listings/new-orleans-la.json,true,Wave 3 state-complete grouped Neuro provider sets
neuro,boston-ma,MA,data/example_providers/neuro/boston-ma__adhd_eval.json,data/listings/boston-ma.json,true,Wave 2 grouped Neuro provider sets (metro/state verified standard 1)
neuro,baltimore-md,MD,data/example_providers/neuro/baltimore-md__adhd_eval.json,data/listings/baltimore-md.json,true,Wave 3 state-complete grouped Neuro provider sets
neuro,portland-me,ME,data/example_providers/neuro/portland-me__adhd_eval.json,data/listings/portland-me.json,true,Wave 3 state-complete grouped Neuro provider sets
neuro,detroit-mi,MI,data/example_providers/neuro/detroit-mi__adhd_eval.json,data/listings/detroit-mi.json,true,Wave 3 state-complete grouped Neuro provider sets
neuro,minneapolis-mn,MN,data/example_providers/neuro/minneapolis-mn__adhd_eval.json,data/listings/minneapolis-mn.json,true,Wave 2 grouped Neuro provider sets (metro/state verified standard 1)
neuro,st-louis-mo,MO,data/example_providers/neuro/st-louis-mo__adhd_eval.json,data/listings/st-louis-mo.json,true,Wave 3 state-complete grouped Neuro provider sets
neuro,jackson-ms,MS,data/example_providers/neuro/jackson-ms__adhd_eval.json,data/listings/jackson-ms.json,true,Wave 3 state-complete grouped Neuro provider sets
neuro,billings-mt,MT,data/example_providers/neuro/billings-mt__adhd_eval.json,data/listings/billings-mt.json,true,Wave 3 state-complete grouped Neuro provider sets
neuro,charlotte-nc,NC,data/example_providers/neuro/charlotte-nc__adhd_eval.json,data/listings/charlotte-nc.json,true,Wave 2 grouped Neuro provider sets (metro/state verified standard 1)
neuro,fargo-nd,ND,data/example_providers/neuro/fargo-nd__adhd_eval.json,data/listings/fargo-nd.json,true,Wave 3 state-complete grouped Neuro provider sets
neuro,omaha-ne,NE,data/example_providers/neuro/omaha-ne__adhd_eval.json,data/listings/omaha-ne.json,true,Wave 3 state-complete grouped Neuro provider sets
neuro,manchester-nh,NH,data/example_providers/neuro/manchester-nh__adhd_eval.json,data/listings/manchester-nh.json,true,Wave 3 state-complete grouped Neuro provider sets
neuro,newark-nj,NJ,data/example_providers/neuro/newark-nj__adhd_eval.json,data/listings/newark-nj.json,true,Wave 3 state-complete grouped Neuro provider sets
neuro,albuquerque-nm,NM,data/example_providers/neuro/albuquerque-nm__adhd_eval.json,data/listings/albuquerque-nm.json,true,Wave 3 state-complete grouped Neuro provider sets
neuro,las-vegas-nv,NV,data/example_providers/neuro/las-vegas-nv__adhd_eval.json,data/listings/las-vegas-nv.json,true,Wave 2 grouped Neuro provider sets (metro/state verified standard 1)
neuro,new-york-city-ny,NY,data/example_providers/neuro/new-york-city-ny__adhd_eval.json,data/listings/new-york-city-ny.json,true,Wave 2 grouped Neuro provider sets (metro/state verified standard 1)
neuro,columbus-oh,OH,data/example_providers/neuro/columbus-oh__adhd_eval.json,data/listings/columbus-oh.json,true,Wave 3 state-complete grouped Neuro provider sets
neuro,oklahoma-city-ok,OK,data/example_providers/neuro/oklahoma-city-ok__adhd_eval.json,data/listings/oklahoma-city-ok.json,true,Wave 3 state-complete grouped Neuro provider sets
neuro,portland-or,OR,data/example_providers/neuro/portland-or__adhd_eval.json,data/listings/portland-or.json,true,Wave 3 state-complete grouped Neuro provider sets
neuro,philadelphia-pa,PA,data/example_providers/neuro/philadelphia-pa__adhd_eval.json,data/listings/philadelphia-pa.json,true,Wave 2 grouped Neuro provider sets (metro/state verified standard 1)
neuro,providence-ri,RI,data/example_providers/neuro/providence-ri__adhd_eval.json,data/listings/providence-ri.json,true,Wave 3 state-complete grouped Neuro provider sets
neuro,columbia-sc,SC,data/example_providers/neuro/columbia-sc__adhd_eval.json,data/listings/columbia-sc.json,true,Wave 3 state-complete grouped Neuro provider sets
neuro,sioux-falls-sd,SD,data/example_providers/neuro/sioux-falls-sd__adhd_eval.json,data/listings/sioux-falls-sd.json,true,Wave 3 state-complete grouped Neuro provider sets
neuro,memphis-tn,TN,data/example_providers/neuro/memphis-tn__adhd_eval.json,data/listings/memphis-tn.json,true,Wave 3 state-complete grouped Neuro provider sets
neuro,dallas-tx,TX,data/example_providers/neuro/dallas-tx__adhd_eval.json,data/listings/dallas-tx.json,true,Wave 2 grouped Neuro provider sets (metro/state verified standard 1)
neuro,houston-tx,TX,data/example_providers/neuro/houston-tx__adhd_eval.json,data/listings/houston-tx.json,true,Wave 2 grouped Neuro provider sets (metro/state verified standard 1)
neuro,salt-lake-city-ut,UT,data/example_providers/neuro/salt-lake-city-ut__adhd_eval.json,data/listings/salt-lake-city-ut.json,true,Wave 3 state-complete grouped Neuro provider sets
neuro,richmond-va,VA,data/example_providers/neuro/richmond-va__adhd_eval.json,data/listings/richmond-va.json,true,Wave 3 state-complete grouped Neuro provider sets
neuro,burlington-vt,VT,data/example_providers/neuro/burlington-vt__adhd_eval.json,data/listings/burlington-vt.json,true,Wave 3 state-complete grouped Neuro provider sets
neuro,seattle-wa,WA,data/example_providers/neuro/seattle-wa__adhd_eval.json,data/listings/seattle-wa.json,true,Wave 2 grouped Neuro provider sets (metro/state verified standard 1)
neuro,milwaukee-wi,WI,data/example_providers/neuro/milwaukee-wi__adhd_eval.json,data/listings/milwaukee-wi.json,true,Wave 3 state-complete grouped Neuro provider sets
neuro,charleston-wv,WV,data/example_providers/neuro/charleston-wv__adhd_eval.json,data/listings/charleston-wv.json,true,Wave 3 state-complete grouped Neuro provider sets
neuro,cheyenne-wy,WY,data/example_providers/neuro/cheyenne-wy__adhd_eval.json,data/listings/cheyenne-wy.json,true,Wave 3 state-complete grouped Neuro provider sets
